Mp_Mjup,Mdot_Mjup_yr,alpha,kappaR,Rin_Rjup,Rout_AU,d_pc,wavelength,kappa_mm,Tb_avg_K,F_nu_muJy
0.3,1e-06,0.01,1.0,1.0,0.12,140,0.85mm,0.0354,107.6,70.12
0.3,1e-06,0.01,1.0,1.0,0.12,140,1.3mm,0.0172,70.5,19.64
0.3,1e-06,0.01,1.0,1.0,0.12,140,3mm,0.0041,20.5,1.07
0.3,1e-06,0.01,1.0,1.0,0.12,140,10mm,0.0005,2.6,0.01
0.3,1e-06,0.01,10.0,1.0,0.12,140,0.85mm,0.0354,131.1,85.40
0.3,1e-06,0.01,10.0,1.0,0.12,140,1.3mm,0.0172,77.8,21.66
0.3,1e-06,0.01,10.0,1.0,0.12,140,3mm,0.0041,20.1,1.05
0.3,1e-06,0.01,10.0,1.0,0.12,140,10mm,0.0005,2.6,0.01
0.3,1e-06,0.03,1.0,1.0,0.12,140,0.85mm,0.0354,50.8,33.07
0.3,1e-06,0.03,1.0,1.0,0.12,140,1.3mm,0.0172,27.9,7.76
0.3,1e-06,0.03,1.0,1.0,0.12,140,3mm,0.0041,6.9,0.36
0.3,1e-06,0.03,1.0,1.0,0.12,140,10mm,0.0005,0.9,0.00
0.3,1e-06,0.03,10.0,1.0,0.12,140,0.85mm,0.0354,55.3,36.01
0.3,1e-06,0.03,10.0,1.0,0.12,140,1.3mm,0.0172,28.1,7.83
0.3,1e-06,0.03,10.0,1.0,0.12,140,3mm,0.0041,6.8,0.35
0.3,1e-06,0.03,10.0,1.0,0.12,140,10mm,0.0005,0.9,0.00
0.3,1e-06,0.1,1.0,1.0,0.12,140,0.85mm,0.0354,17.6,11.47
0.3,1e-06,0.1,1.0,1.0,0.12,140,1.3mm,0.0172,8.6,2.40
0.3,1e-06,0.1,1.0,1.0,0.12,140,3mm,0.0041,2.1,0.11
0.3,1e-06,0.1,1.0,1.0,0.12,140,10mm,0.0005,0.3,0.00
0.3,1e-06,0.1,10.0,1.0,0.12,140,0.85mm,0.0354,17.5,11.38
0.3,1e-06,0.1,10.0,1.0,0.12,140,1.3mm,0.0172,8.5,2.36
0.3,1e-06,0.1,10.0,1.0,0.12,140,3mm,0.0041,2.0,0.11
0.3,1e-06,0.1,10.0,1.0,0.12,140,10mm,0.0005,0.3,0.00
0.3,3e-06,0.01,1.0,1.0,0.12,140,0.85mm,0.0354,170.1,110.81
0.3,3e-06,0.01,1.0,1.0,0.12,140,1.3mm,0.0172,155.4,43.27
0.3,3e-06,0.01,1.0,1.0,0.12,140,3mm,0.0041,59.4,3.10
0.3,3e-06,0.01,1.0,1.0,0.12,140,10mm,0.0005,7.9,0.04
0.3,3e-06,0.01,10.0,1.0,0.12,140,0.85mm,0.0354,218.3,142.18
0.3,3e-06,0.01,10.0,1.0,0.12,140,1.3mm,0.0172,191.1,53.21
0.3,3e-06,0.01,10.0,1.0,0.12,140,3mm,0.0041,58.5,3.06
0.3,3e-06,0.01,10.0,1.0,0.12,140,10mm,0.0005,7.6,0.04
0.3,3e-06,0.03,1.0,1.0,0.12,140,0.85mm,0.0354,121.2,78.93
0.3,3e-06,0.03,1.0,1.0,0.12,140,1.3mm,0.0172,75.2,20.95
0.3,3e-06,0.03,1.0,1.0,0.12,140,3mm,0.0041,20.5,1.07
0.3,3e-06,0.03,1.0,1.0,0.12,140,10mm,0.0005,2.6,0.01
0.3,3e-06,0.03,10.0,1.0,0.12,140,0.85mm,0.0354,143.4,93.39
0.3,3e-06,0.03,10.0,1.0,0.12,140,1.3mm,0.0172,80.5,22.41
0.3,3e-06,0.03,10.0,1.0,0.12,140,3mm,0.0041,20.2,1.05
0.3,3e-06,0.03,10.0,1.0,0.12,140,10mm,0.0005,2.6,0.01
0.3,3e-06,0.1,1.0,1.0,0.12,140,0.85mm,0.0354,48.9,31.82
0.3,3e-06,0.1,1.0,1.0,0.12,140,1.3mm,0.0172,25.6,7.13
0.3,3e-06,0.1,1.0,1.0,0.12,140,3mm,0.0041,6.2,0.32
0.3,3e-06,0.1,1.0,1.0,0.12,140,10mm,0.0005,0.8,0.00
0.3,3e-06,0.1,10.0,1.0,0.12,140,0.85mm,0.0354,51.3,33.42
0.3,3e-06,0.1,10.0,1.0,0.12,140,1.3mm,0.0172,25.3,7.06
0.3,3e-06,0.1,10.0,1.0,0.12,140,3mm,0.0041,6.1,0.32
0.3,3e-06,0.1,10.0,1.0,0.12,140,10mm,0.0005,0.8,0.00
0.3,1e-05,0.01,1.0,1.0,0.12,140,0.85mm,0.0354,229.9,149.73
0.3,1e-05,0.01,1.0,1.0,0.12,140,1.3mm,0.0172,241.1,67.14
0.3,1e-05,0.01,1.0,1.0,0.12,140,3mm,0.0041,173.1,9.05
0.3,1e-05,0.01,1.0,1.0,0.12,140,10mm,0.0005,26.1,0.12
0.3,1e-05,0.01,10.0,1.0,0.12,140,0.85mm,0.0354,294.9,192.12
0.3,1e-05,0.01,10.0,1.0,0.12,140,1.3mm,0.0172,338.0,94.14
0.3,1e-05,0.01,10.0,1.0,0.12,140,3mm,0.0041,177.2,9.27
0.3,1e-05,0.01,10.0,1.0,0.12,140,10mm,0.0005,24.4,0.11
0.3,1e-05,0.03,1.0,1.0,0.12,140,0.85mm,0.0354,229.9,149.73
0.3,1e-05,0.03,1.0,1.0,0.12,140,1.3mm,0.0172,189.7,52.83
0.3,1e-05,0.03,1.0,1.0,0.12,140,3mm,0.0041,66.9,3.50
0.3,1e-05,0.03,1.0,1.0,0.12,140,10mm,0.0005,8.8,0.04
0.3,1e-05,0.03,10.0,1.0,0.12,140,0.85mm,0.0354,294.9,192.12
0.3,1e-05,0.03,10.0,1.0,0.12,140,1.3mm,0.0172,226.8,63.17
0.3,1e-05,0.03,10.0,1.0,0.12,140,3mm,0.0041,65.8,3.44
0.3,1e-05,0.03,10.0,1.0,0.12,140,10mm,0.0005,8.5,0.04
0.3,1e-05,0.1,1.0,1.0,0.12,140,0.85mm,0.0354,134.1,87.36
0.3,1e-05,0.1,1.0,1.0,0.12,140,1.3mm,0.0172,79.1,22.04
0.3,1e-05,0.1,1.0,1.0,0.12,140,3mm,0.0041,20.5,1.07
0.3,1e-05,0.1,1.0,1.0,0.12,140,10mm,0.0005,2.7,0.01
0.3,1e-05,0.1,10.0,1.0,0.12,140,0.85mm,0.0354,153.9,100.28
0.3,1e-05,0.1,10.0,1.0,0.12,140,1.3mm,0.0172,82.5,22.97
0.3,1e-05,0.1,10.0,1.0,0.12,140,3mm,0.0041,20.2,1.06
0.3,1e-05,0.1,10.0,1.0,0.12,140,10mm,0.0005,2.6,0.01
0.3,3e-05,0.01,1.0,1.0,0.12,140,0.85mm,0.0354,302.5,197.06
0.3,3e-05,0.01,1.0,1.0,0.12,140,1.3mm,0.0172,317.3,88.36
0.3,3e-05,0.01,1.0,1.0,0.12,140,3mm,0.0041,364.1,19.04
0.3,3e-05,0.01,1.0,1.0,0.12,140,10mm,0.0005,77.5,0.36
0.3,3e-05,0.01,10.0,1.0,0.12,140,0.85mm,0.0354,388.1,252.84
0.3,3e-05,0.01,10.0,1.0,0.12,140,1.3mm,0.0172,444.9,123.89
0.3,3e-05,0.01,10.0,1.0,0.12,140,3mm,0.0041,440.8,23.05
0.3,3e-05,0.01,10.0,1.0,0.12,140,10mm,0.0005,71.8,0.34
0.3,3e-05,0.03,1.0,1.0,0.12,140,0.85mm,0.0354,302.5,197.06
0.3,3e-05,0.03,1.0,1.0,0.12,140,1.3mm,0.0172,317.3,88.36
0.3,3e-05,0.03,1.0,1.0,0.12,140,3mm,0.0041,183.2,9.58
0.3,3e-05,0.03,1.0,1.0,0.12,140,10mm,0.0005,26.2,0.12
0.3,3e-05,0.03,10.0,1.0,0.12,140,0.85mm,0.0354,388.1,252.84
0.3,3e-05,0.03,10.0,1.0,0.12,140,1.3mm,0.0172,444.9,123.89
0.3,3e-05,0.03,10.0,1.0,0.12,140,3mm,0.0041,183.7,9.61
0.3,3e-05,0.03,10.0,1.0,0.12,140,10mm,0.0005,24.6,0.12
0.3,3e-05,0.1,1.0,1.0,0.12,140,0.85mm,0.0354,281.1,183.14
0.3,3e-05,0.1,1.0,1.0,0.12,140,1.3mm,0.0172,196.8,54.81
0.3,3e-05,0.1,1.0,1.0,0.12,140,3mm,0.0041,61.2,3.20
0.3,3e-05,0.1,1.0,1.0,0.12,140,10mm,0.0005,7.9,0.04
0.3,3e-05,0.1,10.0,1.0,0.12,140,0.85mm,0.0354,352.3,229.52
0.3,3e-05,0.1,10.0,1.0,0.12,140,1.3mm,0.0172,224.2,62.43
0.3,3e-05,0.1,10.0,1.0,0.12,140,3mm,0.0041,59.9,3.13
0.3,3e-05,0.1,10.0,1.0,0.12,140,10mm,0.0005,7.7,0.04
0.3,1e-04,0.01,1.0,1.0,0.12,140,0.85mm,0.0354,408.7,266.26
0.3,1e-04,0.01,1.0,1.0,0.12,140,1.3mm,0.0172,428.7,119.39
0.3,1e-04,0.01,1.0,1.0,0.12,140,3mm,0.0041,510.7,26.71
0.3,1e-04,0.01,1.0,1.0,0.12,140,10mm,0.0005,239.9,1.13
0.3,1e-04,0.01,10.0,1.0,0.12,140,0.85mm,0.0354,524.5,341.64
0.3,1e-04,0.01,10.0,1.0,0.12,140,1.3mm,0.0172,601.1,167.40
0.3,1e-04,0.01,10.0,1.0,0.12,140,3mm,0.0041,825.6,43.17
0.3,1e-04,0.01,10.0,1.0,0.12,140,10mm,0.0005,235.8,1.11
0.3,1e-04,0.03,1.0,1.0,0.12,140,0.85mm,0.0354,408.7,266.26
0.3,1e-04,0.03,1.0,1.0,0.12,140,1.3mm,0.0172,428.7,119.39
0.3,1e-04,0.03,1.0,1.0,0.12,140,3mm,0.0041,459.2,24.01
0.3,1e-04,0.03,1.0,1.0,0.12,140,10mm,0.0005,86.3,0.41
0.3,1e-04,0.03,10.0,1.0,0.12,140,0.85mm,0.0354,524.5,341.64
0.3,1e-04,0.03,10.0,1.0,0.12,140,1.3mm,0.0172,601.1,167.40
0.3,1e-04,0.03,10.0,1.0,0.12,140,3mm,0.0041,519.3,27.16
0.3,1e-04,0.03,10.0,1.0,0.12,140,10mm,0.0005,80.1,0.38
0.3,1e-04,0.1,1.0,1.0,0.12,140,0.85mm,0.0354,408.7,266.26
0.3,1e-04,0.1,1.0,1.0,0.12,140,1.3mm,0.0172,419.7,116.88
0.3,1e-04,0.1,1.0,1.0,0.12,140,3mm,0.0041,191.5,10.01
0.3,1e-04,0.1,1.0,1.0,0.12,140,10mm,0.0005,26.3,0.12
0.3,1e-04,0.1,10.0,1.0,0.12,140,0.85mm,0.0354,524.5,341.64
0.3,1e-04,0.1,10.0,1.0,0.12,140,1.3mm,0.0172,549.9,153.15
0.3,1e-04,0.1,10.0,1.0,0.12,140,3mm,0.0041,189.9,9.93
0.3,1e-04,0.1,10.0,1.0,0.12,140,10mm,0.0005,24.9,0.12
1.0,1e-06,0.01,1.0,1.0,0.12,140,0.85mm,0.0354,165.3,107.68
1.0,1e-06,0.01,1.0,1.0,0.12,140,1.3mm,0.0172,117.8,32.80
1.0,1e-06,0.01,1.0,1.0,0.12,140,3mm,0.0041,37.2,1.95
1.0,1e-06,0.01,1.0,1.0,0.12,140,10mm,0.0005,4.8,0.02
1.0,1e-06,0.01,10.0,1.0,0.12,140,0.85mm,0.0354,207.9,135.42
1.0,1e-06,0.01,10.0,1.0,0.12,140,1.3mm,0.0172,134.9,37.57
1.0,1e-06,0.01,10.0,1.0,0.12,140,3mm,0.0041,36.4,1.90
1.0,1e-06,0.01,10.0,1.0,0.12,140,10mm,0.0005,4.7,0.02
1.0,1e-06,0.03,1.0,1.0,0.12,140,0.85mm,0.0354,86.7,56.47
1.0,1e-06,0.03,1.0,1.0,0.12,140,1.3mm,0.0172,49.5,13.78
1.0,1e-06,0.03,1.0,1.0,0.12,140,3mm,0.0041,12.5,0.65
1.0,1e-06,0.03,1.0,1.0,0.12,140,10mm,0.0005,1.6,0.01
1.0,1e-06,0.03,10.0,1.0,0.12,140,0.85mm,0.0354,97.2,63.33
1.0,1e-06,0.03,10.0,1.0,0.12,140,1.3mm,0.0172,50.8,14.15
1.0,1e-06,0.03,10.0,1.0,0.12,140,3mm,0.0041,12.3,0.65
1.0,1e-06,0.03,10.0,1.0,0.12,140,10mm,0.0005,1.6,0.01
1.0,1e-06,0.1,1.0,1.0,0.12,140,0.85mm,0.0354,31.6,20.56
1.0,1e-06,0.1,1.0,1.0,0.12,140,1.3mm,0.0172,15.7,4.37
1.0,1e-06,0.1,1.0,1.0,0.12,140,3mm,0.0041,3.8,0.20
1.0,1e-06,0.1,1.0,1.0,0.12,140,10mm,0.0005,0.5,0.00
1.0,1e-06,0.1,10.0,1.0,0.12,140,0.85mm,0.0354,31.9,20.78
1.0,1e-06,0.1,10.0,1.0,0.12,140,1.3mm,0.0172,15.5,4.31
1.0,1e-06,0.1,10.0,1.0,0.12,140,3mm,0.0041,3.7,0.20
1.0,1e-06,0.1,10.0,1.0,0.12,140,10mm,0.0005,0.5,0.00
1.0,3e-06,0.01,1.0,1.0,0.12,140,0.85mm,0.0354,229.9,149.73
1.0,3e-06,0.01,1.0,1.0,0.12,140,1.3mm,0.0172,234.3,65.24
1.0,3e-06,0.01,1.0,1.0,0.12,140,3mm,0.0041,105.2,5.50
1.0,3e-06,0.01,1.0,1.0,0.12,140,10mm,0.0005,14.4,0.07
1.0,3e-06,0.01,10.0,1.0,0.12,140,0.85mm,0.0354,294.9,192.12
1.0,3e-06,0.01,10.0,1.0,0.12,140,1.3mm,0.0172,304.9,84.92
1.0,3e-06,0.01,10.0,1.0,0.12,140,3mm,0.0041,104.2,5.45
1.0,3e-06,0.01,10.0,1.0,0.12,140,10mm,0.0005,13.6,0.06
1.0,3e-06,0.03,1.0,1.0,0.12,140,0.85mm,0.0354,193.9,126.32
1.0,3e-06,0.03,1.0,1.0,0.12,140,1.3mm,0.0172,127.8,35.58
1.0,3e-06,0.03,1.0,1.0,0.12,140,3mm,0.0041,37.5,1.96
1.0,3e-06,0.03,1.0,1.0,0.12,140,10mm,0.0005,4.8,0.02
1.0,3e-06,0.03,10.0,1.0,0.12,140,0.85mm,0.0354,237.2,154.51
1.0,3e-06,0.03,10.0,1.0,0.12,140,1.3mm,0.0172,141.6,39.42
1.0,3e-06,0.03,10.0,1.0,0.12,140,3mm,0.0041,36.6,1.92
1.0,3e-06,0.03,10.0,1.0,0.12,140,10mm,0.0005,4.7,0.02
1.0,3e-06,0.1,1.0,1.0,0.12,140,0.85mm,0.0354,84.7,55.21
1.0,3e-06,0.1,1.0,1.0,0.12,140,1.3mm,0.0172,46.0,12.81
1.0,3e-06,0.1,1.0,1.0,0.12,140,3mm,0.0041,11.3,0.59
1.0,3e-06,0.1,1.0,1.0,0.12,140,10mm,0.0005,1.5,0.01
1.0,3e-06,0.1,10.0,1.0,0.12,140,0.85mm,0.0354,91.6,59.66
1.0,3e-06,0.1,10.0,1.0,0.12,140,1.3mm,0.0172,46.3,12.89
1.0,3e-06,0.1,10.0,1.0,0.12,140,3mm,0.0041,11.1,0.58
1.0,3e-06,0.1,10.0,1.0,0.12,140,10mm,0.0005,1.4,0.01
1.0,1e-05,0.01,1.0,1.0,0.12,140,0.85mm,0.0354,310.6,202.32
1.0,1e-05,0.01,1.0,1.0,0.12,140,1.3mm,0.0172,325.8,90.72
1.0,1e-05,0.01,1.0,1.0,0.12,140,3mm,0.0041,289.1,15.12
1.0,1e-05,0.01,1.0,1.0,0.12,140,10mm,0.0005,47.5,0.22
1.0,1e-05,0.01,10.0,1.0,0.12,140,0.85mm,0.0354,398.5,259.59
1.0,1e-05,0.01,10.0,1.0,0.12,140,1.3mm,0.0172,456.7,127.20
1.0,1e-05,0.01,10.0,1.0,0.12,140,3mm,0.0041,307.2,16.07
1.0,1e-05,0.01,10.0,1.0,0.12,140,10mm,0.0005,44.2,0.21
1.0,1e-05,0.03,1.0,1.0,0.12,140,0.85mm,0.0354,310.6,202.32
1.0,1e-05,0.03,1.0,1.0,0.12,140,1.3mm,0.0172,297.0,82.72
1.0,1e-05,0.03,1.0,1.0,0.12,140,3mm,0.0041,119.3,6.24
1.0,1e-05,0.03,1.0,1.0,0.12,140,10mm,0.0005,16.0,0.08
1.0,1e-05,0.03,10.0,1.0,0.12,140,0.85mm,0.0354,398.5,259.59
1.0,1e-05,0.03,10.0,1.0,0.12,140,1.3mm,0.0172,371.9,103.58
1.0,1e-05,0.03,10.0,1.0,0.12,140,3mm,0.0041,117.8,6.16
1.0,1e-05,0.03,10.0,1.0,0.12,140,10mm,0.0005,15.3,0.07
1.0,1e-05,0.1,1.0,1.0,0.12,140,0.85mm,0.0354,221.2,144.10
1.0,1e-05,0.1,1.0,1.0,0.12,140,1.3mm,0.0172,137.3,38.25
1.0,1e-05,0.1,1.0,1.0,0.12,140,3mm,0.0041,37.5,1.96
1.0,1e-05,0.1,1.0,1.0,0.12,140,10mm,0.0005,4.8,0.02
1.0,1e-05,0.1,10.0,1.0,0.12,140,0.85mm,0.0354,261.7,170.50
1.0,1e-05,0.1,10.0,1.0,0.12,140,1.3mm,0.0172,146.9,40.91
1.0,1e-05,0.1,10.0,1.0,0.12,140,3mm,0.0041,36.8,1.93
1.0,1e-05,0.1,10.0,1.0,0.12,140,10mm,0.0005,4.8,0.02
1.0,3e-05,0.01,1.0,1.0,0.12,140,0.85mm,0.0354,408.7,266.26
1.0,3e-05,0.01,1.0,1.0,0.12,140,1.3mm,0.0172,428.7,119.39
1.0,3e-05,0.01,1.0,1.0,0.12,140,3mm,0.0041,510.7,26.71
1.0,3e-05,0.01,1.0,1.0,0.12,140,10mm,0.0005,139.5,0.66
1.0,3e-05,0.01,10.0,1.0,0.12,140,0.85mm,0.0354,524.5,341.64
1.0,3e-05,0.01,10.0,1.0,0.12,140,1.3mm,0.0172,601.1,167.40
1.0,3e-05,0.01,10.0,1.0,0.12,140,3mm,0.0041,716.5,37.47
1.0,3e-05,0.01,10.0,1.0,0.12,140,10mm,0.0005,130.5,0.61
1.0,3e-05,0.03,1.0,1.0,0.12,140,0.85mm,0.0354,408.7,266.26
1.0,3e-05,0.03,1.0,1.0,0.12,140,1.3mm,0.0172,428.7,119.39
1.0,3e-05,0.03,1.0,1.0,0.12,140,3mm,0.0041,314.3,16.44
1.0,3e-05,0.03,1.0,1.0,0.12,140,10mm,0.0005,47.7,0.22
1.0,3e-05,0.03,10.0,1.0,0.12,140,0.85mm,0.0354,524.5,341.64
1.0,3e-05,0.03,10.0,1.0,0.12,140,1.3mm,0.0172,601.1,167.40
1.0,3e-05,0.03,10.0,1.0,0.12,140,3mm,0.0041,321.8,16.83
1.0,3e-05,0.03,10.0,1.0,0.12,140,10mm,0.0005,44.5,0.21
1.0,3e-05,0.1,1.0,1.0,0.12,140,0.85mm,0.0354,407.9,265.71
1.0,3e-05,0.1,1.0,1.0,0.12,140,1.3mm,0.0172,322.6,89.83
1.0,3e-05,0.1,1.0,1.0,0.12,140,3mm,0.0041,110.4,5.77
1.0,3e-05,0.1,1.0,1.0,0.12,140,10mm,0.0005,14.4,0.07
1.0,3e-05,0.1,10.0,1.0,0.12,140,0.85mm,0.0354,522.3,340.23
1.0,3e-05,0.1,10.0,1.0,0.12,140,1.3mm,0.0172,381.3,106.17
1.0,3e-05,0.1,10.0,1.0,0.12,140,3mm,0.0041,108.5,5.67
1.0,3e-05,0.1,10.0,1.0,0.12,140,10mm,0.0005,14.0,0.07
1.0,1e-04,0.01,1.0,1.0,0.12,140,0.85mm,0.0354,552.3,359.78
1.0,1e-04,0.01,1.0,1.0,0.12,140,1.3mm,0.0172,579.3,161.32
1.0,1e-04,0.01,1.0,1.0,0.12,140,3mm,0.0041,690.0,36.08
1.0,1e-04,0.01,1.0,1.0,0.12,140,10mm,0.0005,419.2,1.97
1.0,1e-04,0.01,10.0,1.0,0.12,140,0.85mm,0.0354,708.7,461.63
1.0,1e-04,0.01,10.0,1.0,0.12,140,1.3mm,0.0172,812.2,226.19
1.0,1e-04,0.01,10.0,1.0,0.12,140,3mm,0.0041,1115.5,58.34
1.0,1e-04,0.01,10.0,1.0,0.12,140,10mm,0.0005,423.3,1.99
1.0,1e-04,0.03,1.0,1.0,0.12,140,0.85mm,0.0354,552.3,359.78
1.0,1e-04,0.03,1.0,1.0,0.12,140,1.3mm,0.0172,579.3,161.32
1.0,1e-04,0.03,1.0,1.0,0.12,140,3mm,0.0041,681.9,35.66
1.0,1e-04,0.03,1.0,1.0,0.12,140,10mm,0.0005,156.6,0.74
1.0,1e-04,0.03,10.0,1.0,0.12,140,0.85mm,0.0354,708.7,461.63
1.0,1e-04,0.03,10.0,1.0,0.12,140,1.3mm,0.0172,812.2,226.19
1.0,1e-04,0.03,10.0,1.0,0.12,140,3mm,0.0041,863.1,45.14
1.0,1e-04,0.03,10.0,1.0,0.12,140,10mm,0.0005,145.4,0.68
1.0,1e-04,0.1,1.0,1.0,0.12,140,0.85mm,0.0354,552.3,359.78
1.0,1e-04,0.1,1.0,1.0,0.12,140,1.3mm,0.0172,579.3,161.32
1.0,1e-04,0.1,1.0,1.0,0.12,140,3mm,0.0041,334.5,17.49
1.0,1e-04,0.1,1.0,1.0,0.12,140,10mm,0.0005,47.9,0.23
1.0,1e-04,0.1,10.0,1.0,0.12,140,0.85mm,0.0354,708.7,461.63
1.0,1e-04,0.1,10.0,1.0,0.12,140,1.3mm,0.0172,812.2,226.19
1.0,1e-04,0.1,10.0,1.0,0.12,140,3mm,0.0041,335.4,17.54
1.0,1e-04,0.1,10.0,1.0,0.12,140,10mm,0.0005,44.9,0.21
3.0,1e-06,0.01,1.0,1.0,0.12,140,0.85mm,0.0354,229.6,149.57
3.0,1e-06,0.01,1.0,1.0,0.12,140,1.3mm,0.0172,184.1,51.27
3.0,1e-06,0.01,1.0,1.0,0.12,140,3mm,0.0041,63.7,3.33
3.0,1e-06,0.01,1.0,1.0,0.12,140,10mm,0.0005,8.3,0.04
3.0,1e-06,0.01,10.0,1.0,0.12,140,0.85mm,0.0354,294.0,191.50
3.0,1e-06,0.01,10.0,1.0,0.12,140,1.3mm,0.0172,218.7,60.91
3.0,1e-06,0.01,10.0,1.0,0.12,140,3mm,0.0041,62.6,3.27
3.0,1e-06,0.01,10.0,1.0,0.12,140,10mm,0.0005,8.1,0.04
3.0,1e-06,0.03,1.0,1.0,0.12,140,0.85mm,0.0354,139.1,90.63
3.0,1e-06,0.03,1.0,1.0,0.12,140,1.3mm,0.0172,82.8,23.07
3.0,1e-06,0.03,1.0,1.0,0.12,140,3mm,0.0041,21.7,1.13
3.0,1e-06,0.03,1.0,1.0,0.12,140,10mm,0.0005,2.8,0.01
3.0,1e-06,0.03,10.0,1.0,0.12,140,0.85mm,0.0354,160.4,104.51
3.0,1e-06,0.03,10.0,1.0,0.12,140,1.3mm,0.0172,86.7,24.13
3.0,1e-06,0.03,10.0,1.0,0.12,140,3mm,0.0041,21.3,1.12
3.0,1e-06,0.03,10.0,1.0,0.12,140,10mm,0.0005,2.8,0.01
3.0,1e-06,0.1,1.0,1.0,0.12,140,0.85mm,0.0354,53.2,34.67
3.0,1e-06,0.1,1.0,1.0,0.12,140,1.3mm,0.0172,27.2,7.57
3.0,1e-06,0.1,1.0,1.0,0.12,140,3mm,0.0041,6.5,0.34
3.0,1e-06,0.1,1.0,1.0,0.12,140,10mm,0.0005,0.8,0.00
3.0,1e-06,0.1,10.0,1.0,0.12,140,0.85mm,0.0354,54.8,35.70
3.0,1e-06,0.1,10.0,1.0,0.12,140,1.3mm,0.0172,26.8,7.45
3.0,1e-06,0.1,10.0,1.0,0.12,140,3mm,0.0041,6.5,0.34
3.0,1e-06,0.1,10.0,1.0,0.12,140,10mm,0.0005,0.8,0.00
3.0,3e-06,0.01,1.0,1.0,0.12,140,0.85mm,0.0354,302.5,197.06
3.0,3e-06,0.01,1.0,1.0,0.12,140,1.3mm,0.0172,317.3,88.36
3.0,3e-06,0.01,1.0,1.0,0.12,140,3mm,0.0041,175.1,9.16
3.0,3e-06,0.01,1.0,1.0,0.12,140,10mm,0.0005,24.9,0.12
3.0,3e-06,0.01,10.0,1.0,0.12,140,0.85mm,0.0354,388.1,252.84
3.0,3e-06,0.01,10.0,1.0,0.12,140,1.3mm,0.0172,442.9,123.35
3.0,3e-06,0.01,10.0,1.0,0.12,140,3mm,0.0041,175.5,9.18
3.0,3e-06,0.01,10.0,1.0,0.12,140,10mm,0.0005,23.4,0.11
3.0,3e-06,0.03,1.0,1.0,0.12,140,0.85mm,0.0354,286.3,186.51
3.0,3e-06,0.03,1.0,1.0,0.12,140,1.3mm,0.0172,204.0,56.80
3.0,3e-06,0.03,1.0,1.0,0.12,140,3mm,0.0041,64.5,3.37
3.0,3e-06,0.03,1.0,1.0,0.12,140,10mm,0.0005,8.4,0.04
3.0,3e-06,0.03,10.0,1.0,0.12,140,0.85mm,0.0354,360.1,234.55
3.0,3e-06,0.03,10.0,1.0,0.12,140,1.3mm,0.0172,233.7,65.07
3.0,3e-06,0.03,10.0,1.0,0.12,140,3mm,0.0041,63.0,3.29
3.0,3e-06,0.03,10.0,1.0,0.12,140,10mm,0.0005,8.1,0.04
3.0,3e-06,0.1,1.0,1.0,0.12,140,0.85mm,0.0354,138.6,90.28
3.0,3e-06,0.1,1.0,1.0,0.12,140,1.3mm,0.0172,78.0,21.71
3.0,3e-06,0.1,1.0,1.0,0.12,140,3mm,0.0041,19.5,1.02
3.0,3e-06,0.1,1.0,1.0,0.12,140,10mm,0.0005,2.5,0.01
3.0,3e-06,0.1,10.0,1.0,0.12,140,0.85mm,0.0354,153.7,100.14
3.0,3e-06,0.1,10.0,1.0,0.12,140,1.3mm,0.0172,79.6,22.17
3.0,3e-06,0.1,10.0,1.0,0.12,140,3mm,0.0041,19.3,1.01
3.0,3e-06,0.1,10.0,1.0,0.12,140,10mm,0.0005,2.5,0.01
3.0,1e-05,0.01,1.0,1.0,0.12,140,0.85mm,0.0354,408.7,266.26
3.0,1e-05,0.01,1.0,1.0,0.12,140,1.3mm,0.0172,428.7,119.39
3.0,1e-05,0.01,1.0,1.0,0.12,140,3mm,0.0041,446.4,23.35
3.0,1e-05,0.01,1.0,1.0,0.12,140,10mm,0.0005,82.0,0.39
3.0,1e-05,0.01,10.0,1.0,0.12,140,0.85mm,0.0354,524.5,341.64
3.0,1e-05,0.01,10.0,1.0,0.12,140,1.3mm,0.0172,601.1,167.40
3.0,1e-05,0.01,10.0,1.0,0.12,140,3mm,0.0041,500.2,26.16
3.0,1e-05,0.01,10.0,1.0,0.12,140,10mm,0.0005,76.0,0.36
3.0,1e-05,0.03,1.0,1.0,0.12,140,0.85mm,0.0354,408.7,266.26
3.0,1e-05,0.03,1.0,1.0,0.12,140,1.3mm,0.0172,424.2,118.13
3.0,1e-05,0.03,1.0,1.0,0.12,140,3mm,0.0041,200.3,10.48
3.0,1e-05,0.03,1.0,1.0,0.12,140,10mm,0.0005,27.7,0.13
3.0,1e-05,0.03,10.0,1.0,0.12,140,0.85mm,0.0354,524.5,341.64
3.0,1e-05,0.03,10.0,1.0,0.12,140,1.3mm,0.0172,561.4,156.34
3.0,1e-05,0.03,10.0,1.0,0.12,140,3mm,0.0041,199.0,10.41
3.0,1e-05,0.03,10.0,1.0,0.12,140,10mm,0.0005,26.2,0.12
3.0,1e-05,0.1,1.0,1.0,0.12,140,0.85mm,0.0354,340.4,221.73
3.0,1e-05,0.1,1.0,1.0,0.12,140,1.3mm,0.0172,223.0,62.10
3.0,1e-05,0.1,1.0,1.0,0.12,140,3mm,0.0041,64.9,3.39
3.0,1e-05,0.1,1.0,1.0,0.12,140,10mm,0.0005,8.4,0.04
3.0,1e-05,0.1,10.0,1.0,0.12,140,0.85mm,0.0354,414.6,270.06
3.0,1e-05,0.1,10.0,1.0,0.12,140,1.3mm,0.0172,246.0,68.50
3.0,1e-05,0.1,10.0,1.0,0.12,140,3mm,0.0041,63.5,3.32
3.0,1e-05,0.1,10.0,1.0,0.12,140,10mm,0.0005,8.2,0.04
3.0,3e-05,0.01,1.0,1.0,0.12,140,0.85mm,0.0354,537.9,350.42
3.0,3e-05,0.01,1.0,1.0,0.12,140,1.3mm,0.0172,564.2,157.13
3.0,3e-05,0.01,1.0,1.0,0.12,140,3mm,0.0041,672.1,35.15
3.0,3e-05,0.01,1.0,1.0,0.12,140,10mm,0.0005,236.0,1.11
3.0,3e-05,0.01,10.0,1.0,0.12,140,0.85mm,0.0354,690.2,449.63
3.0,3e-05,0.01,10.0,1.0,0.12,140,1.3mm,0.0172,791.1,220.31
3.0,3e-05,0.01,10.0,1.0,0.12,140,3mm,0.0041,1066.6,55.77
3.0,3e-05,0.01,10.0,1.0,0.12,140,10mm,0.0005,225.7,1.06
3.0,3e-05,0.03,1.0,1.0,0.12,140,0.85mm,0.0354,537.9,350.42
3.0,3e-05,0.03,1.0,1.0,0.12,140,1.3mm,0.0172,564.2,157.13
3.0,3e-05,0.03,1.0,1.0,0.12,140,3mm,0.0041,500.7,26.18
3.0,3e-05,0.03,1.0,1.0,0.12,140,10mm,0.0005,82.4,0.39
3.0,3e-05,0.03,10.0,1.0,0.12,140,0.85mm,0.0354,690.2,449.63
3.0,3e-05,0.03,10.0,1.0,0.12,140,1.3mm,0.0172,791.1,220.31
3.0,3e-05,0.03,10.0,1.0,0.12,140,3mm,0.0041,532.1,27.83
3.0,3e-05,0.03,10.0,1.0,0.12,140,10mm,0.0005,76.5,0.36
3.0,3e-05,0.1,1.0,1.0,0.12,140,0.85mm,0.0354,537.9,350.42
3.0,3e-05,0.1,1.0,1.0,0.12,140,1.3mm,0.0172,491.3,136.82
3.0,3e-05,0.1,1.0,1.0,0.12,140,3mm,0.0041,187.7,9.82
3.0,3e-05,0.1,1.0,1.0,0.12,140,10mm,0.0005,25.0,0.12
3.0,3e-05,0.1,10.0,1.0,0.12,140,0.85mm,0.0354,690.2,449.63
3.0,3e-05,0.1,10.0,1.0,0.12,140,1.3mm,0.0172,604.2,168.26
3.0,3e-05,0.1,10.0,1.0,0.12,140,3mm,0.0041,185.1,9.68
3.0,3e-05,0.1,10.0,1.0,0.12,140,10mm,0.0005,23.9,0.11
3.0,1e-04,0.01,1.0,1.0,0.12,140,0.85mm,0.0354,726.9,473.49
3.0,1e-04,0.01,1.0,1.0,0.12,140,1.3mm,0.0172,762.4,212.31
3.0,1e-04,0.01,1.0,1.0,0.12,140,3mm,0.0041,908.1,47.49
3.0,1e-04,0.01,1.0,1.0,0.12,140,10mm,0.0005,690.2,3.25
3.0,1e-04,0.01,10.0,1.0,0.12,140,0.85mm,0.0354,932.6,607.54
3.0,1e-04,0.01,10.0,1.0,0.12,140,1.3mm,0.0172,1068.9,297.68
3.0,1e-04,0.01,10.0,1.0,0.12,140,3mm,0.0041,1468.1,76.77
3.0,1e-04,0.01,10.0,1.0,0.12,140,10mm,0.0005,717.1,3.38
3.0,1e-04,0.03,1.0,1.0,0.12,140,0.85mm,0.0354,726.9,473.49
3.0,1e-04,0.03,1.0,1.0,0.12,140,1.3mm,0.0172,762.4,212.31
3.0,1e-04,0.03,1.0,1.0,0.12,140,3mm,0.0041,908.1,47.49
3.0,1e-04,0.03,1.0,1.0,0.12,140,10mm,0.0005,266.8,1.26
3.0,1e-04,0.03,10.0,1.0,0.12,140,0.85mm,0.0354,932.6,607.54
3.0,1e-04,0.03,10.0,1.0,0.12,140,1.3mm,0.0172,1068.9,297.68
3.0,1e-04,0.03,10.0,1.0,0.12,140,3mm,0.0041,1327.0,69.39
3.0,1e-04,0.03,10.0,1.0,0.12,140,10mm,0.0005,250.8,1.18
3.0,1e-04,0.1,1.0,1.0,0.12,140,0.85mm,0.0354,726.9,473.49
3.0,1e-04,0.1,1.0,1.0,0.12,140,1.3mm,0.0172,762.4,212.31
3.0,1e-04,0.1,1.0,1.0,0.12,140,3mm,0.0041,547.4,28.63
3.0,1e-04,0.1,1.0,1.0,0.12,140,10mm,0.0005,82.7,0.39
3.0,1e-04,0.1,10.0,1.0,0.12,140,0.85mm,0.0354,932.6,607.54
3.0,1e-04,0.1,10.0,1.0,0.12,140,1.3mm,0.0172,1068.9,297.68
3.0,1e-04,0.1,10.0,1.0,0.12,140,3mm,0.0041,560.4,29.30
3.0,1e-04,0.1,10.0,1.0,0.12,140,10mm,0.0005,77.1,0.36
10.0,1e-06,0.01,1.0,1.0,0.12,140,0.85mm,0.0354,310.6,202.32
10.0,1e-06,0.01,1.0,1.0,0.12,140,1.3mm,0.0172,290.5,80.90
10.0,1e-06,0.01,1.0,1.0,0.12,140,3mm,0.0041,113.7,5.94
10.0,1e-06,0.01,1.0,1.0,0.12,140,10mm,0.0005,15.2,0.07
10.0,1e-06,0.01,10.0,1.0,0.12,140,0.85mm,0.0354,398.5,259.59
10.0,1e-06,0.01,10.0,1.0,0.12,140,1.3mm,0.0172,361.2,100.59
10.0,1e-06,0.01,10.0,1.0,0.12,140,3mm,0.0041,112.2,5.87
10.0,1e-06,0.01,10.0,1.0,0.12,140,10mm,0.0005,14.5,0.07
10.0,1e-06,0.03,1.0,1.0,0.12,140,0.85mm,0.0354,228.5,148.82
10.0,1e-06,0.03,1.0,1.0,0.12,140,1.3mm,0.0172,143.1,39.86
10.0,1e-06,0.03,1.0,1.0,0.12,140,3mm,0.0041,39.5,2.06
10.0,1e-06,0.03,1.0,1.0,0.12,140,10mm,0.0005,5.1,0.02
10.0,1e-06,0.03,10.0,1.0,0.12,140,0.85mm,0.0354,272.4,177.42
10.0,1e-06,0.03,10.0,1.0,0.12,140,1.3mm,0.0172,153.9,42.86
10.0,1e-06,0.03,10.0,1.0,0.12,140,3mm,0.0041,38.8,2.03
10.0,1e-06,0.03,10.0,1.0,0.12,140,10mm,0.0005,5.0,0.02
10.0,1e-06,0.1,1.0,1.0,0.12,140,0.85mm,0.0354,93.2,60.74
10.0,1e-06,0.1,1.0,1.0,0.12,140,1.3mm,0.0172,49.2,13.69
10.0,1e-06,0.1,1.0,1.0,0.12,140,3mm,0.0041,11.9,0.62
10.0,1e-06,0.1,1.0,1.0,0.12,140,10mm,0.0005,1.5,0.01
10.0,1e-06,0.1,10.0,1.0,0.12,140,0.85mm,0.0354,98.5,64.14
10.0,1e-06,0.1,10.0,1.0,0.12,140,1.3mm,0.0172,48.8,13.58
10.0,1e-06,0.1,10.0,1.0,0.12,140,3mm,0.0041,11.8,0.62
10.0,1e-06,0.1,10.0,1.0,0.12,140,10mm,0.0005,1.5,0.01
10.0,3e-06,0.01,1.0,1.0,0.12,140,0.85mm,0.0354,408.7,266.26
10.0,3e-06,0.01,1.0,1.0,0.12,140,1.3mm,0.0172,428.7,119.39
10.0,3e-06,0.01,1.0,1.0,0.12,140,3mm,0.0041,301.5,15.76
10.0,3e-06,0.01,1.0,1.0,0.12,140,10mm,0.0005,45.3,0.21
10.0,3e-06,0.01,10.0,1.0,0.12,140,0.85mm,0.0354,524.5,341.64
10.0,3e-06,0.01,10.0,1.0,0.12,140,1.3mm,0.0172,601.1,167.40
10.0,3e-06,0.01,10.0,1.0,0.12,140,3mm,0.0041,307.9,16.10
10.0,3e-06,0.01,10.0,1.0,0.12,140,10mm,0.0005,42.3,0.20
10.0,3e-06,0.03,1.0,1.0,0.12,140,0.85mm,0.0354,408.7,266.26
10.0,3e-06,0.03,1.0,1.0,0.12,140,1.3mm,0.0172,332.6,92.63
10.0,3e-06,0.03,1.0,1.0,0.12,140,3mm,0.0041,116.0,6.07
10.0,3e-06,0.03,1.0,1.0,0.12,140,10mm,0.0005,15.2,0.07
10.0,3e-06,0.03,10.0,1.0,0.12,140,0.85mm,0.0354,524.5,341.64
10.0,3e-06,0.03,10.0,1.0,0.12,140,1.3mm,0.0172,396.8,110.51
10.0,3e-06,0.03,10.0,1.0,0.12,140,3mm,0.0041,114.2,5.97
10.0,3e-06,0.03,10.0,1.0,0.12,140,10mm,0.0005,14.7,0.07
10.0,3e-06,0.1,1.0,1.0,0.12,140,0.85mm,0.0354,233.9,152.39
10.0,3e-06,0.1,1.0,1.0,0.12,140,1.3mm,0.0172,137.5,38.30
10.0,3e-06,0.1,1.0,1.0,0.12,140,3mm,0.0041,35.6,1.86
10.0,3e-06,0.1,1.0,1.0,0.12,140,10mm,0.0005,4.6,0.02
10.0,3e-06,0.1,10.0,1.0,0.12,140,0.85mm,0.0354,267.7,174.41
10.0,3e-06,0.1,10.0,1.0,0.12,140,1.3mm,0.0172,143.1,39.84
10.0,3e-06,0.1,10.0,1.0,0.12,140,3mm,0.0041,35.1,1.83
10.0,3e-06,0.1,10.0,1.0,0.12,140,10mm,0.0005,4.5,0.02
10.0,1e-05,0.01,1.0,1.0,0.12,140,0.85mm,0.0354,552.3,359.78
10.0,1e-05,0.01,1.0,1.0,0.12,140,1.3mm,0.0172,579.3,161.32
10.0,1e-05,0.01,1.0,1.0,0.12,140,3mm,0.0041,674.2,35.26
10.0,1e-05,0.01,1.0,1.0,0.12,140,10mm,0.0005,148.9,0.70
10.0,1e-05,0.01,10.0,1.0,0.12,140,0.85mm,0.0354,708.7,461.63
10.0,1e-05,0.01,10.0,1.0,0.12,140,1.3mm,0.0172,812.2,226.19
10.0,1e-05,0.01,10.0,1.0,0.12,140,3mm,0.0041,831.9,43.50
10.0,1e-05,0.01,10.0,1.0,0.12,140,10mm,0.0005,138.0,0.65
10.0,1e-05,0.03,1.0,1.0,0.12,140,0.85mm,0.0354,552.3,359.78
10.0,1e-05,0.03,1.0,1.0,0.12,140,1.3mm,0.0172,579.3,161.32
10.0,1e-05,0.03,1.0,1.0,0.12,140,3mm,0.0041,349.0,18.25
10.0,1e-05,0.03,1.0,1.0,0.12,140,10mm,0.0005,50.4,0.24
10.0,1e-05,0.03,10.0,1.0,0.12,140,0.85mm,0.0354,708.7,461.63
10.0,1e-05,0.03,10.0,1.0,0.12,140,1.3mm,0.0172,812.2,226.19
10.0,1e-05,0.03,10.0,1.0,0.12,140,3mm,0.0041,351.6,18.39
10.0,1e-05,0.03,10.0,1.0,0.12,140,10mm,0.0005,47.3,0.22
10.0,1e-05,0.1,1.0,1.0,0.12,140,0.85mm,0.0354,522.7,340.52
10.0,1e-05,0.1,1.0,1.0,0.12,140,1.3mm,0.0172,372.4,103.71
10.0,1e-05,0.1,1.0,1.0,0.12,140,3mm,0.0041,117.7,6.15
10.0,1e-05,0.1,1.0,1.0,0.12,140,10mm,0.0005,15.2,0.07
10.0,1e-05,0.1,10.0,1.0,0.12,140,0.85mm,0.0354,657.4,428.23
10.0,1e-05,0.1,10.0,1.0,0.12,140,1.3mm,0.0172,426.6,118.80
10.0,1e-05,0.1,10.0,1.0,0.12,140,3mm,0.0041,115.0,6.02
10.0,1e-05,0.1,10.0,1.0,0.12,140,10mm,0.0005,14.9,0.07
10.0,3e-05,0.01,1.0,1.0,0.12,140,0.85mm,0.0354,726.9,473.49
10.0,3e-05,0.01,1.0,1.0,0.12,140,1.3mm,0.0172,762.4,212.31
10.0,3e-05,0.01,1.0,1.0,0.12,140,3mm,0.0041,908.1,47.49
10.0,3e-05,0.01,1.0,1.0,0.12,140,10mm,0.0005,416.7,1.96
10.0,3e-05,0.01,10.0,1.0,0.12,140,0.85mm,0.0354,932.6,607.54
10.0,3e-05,0.01,10.0,1.0,0.12,140,1.3mm,0.0172,1068.9,297.68
10.0,3e-05,0.01,10.0,1.0,0.12,140,3mm,0.0041,1468.1,76.77
10.0,3e-05,0.01,10.0,1.0,0.12,140,10mm,0.0005,408.8,1.92
10.0,3e-05,0.03,1.0,1.0,0.12,140,0.85mm,0.0354,726.9,473.49
10.0,3e-05,0.03,1.0,1.0,0.12,140,1.3mm,0.0172,762.4,212.31
10.0,3e-05,0.03,1.0,1.0,0.12,140,3mm,0.0041,805.3,42.11
10.0,3e-05,0.03,1.0,1.0,0.12,140,10mm,0.0005,149.6,0.70
10.0,3e-05,0.03,10.0,1.0,0.12,140,0.85mm,0.0354,932.6,607.54
10.0,3e-05,0.03,10.0,1.0,0.12,140,1.3mm,0.0172,1068.9,297.68
10.0,3e-05,0.03,10.0,1.0,0.12,140,3mm,0.0041,908.2,47.49
10.0,3e-05,0.03,10.0,1.0,0.12,140,10mm,0.0005,138.7,0.65
10.0,3e-05,0.1,1.0,1.0,0.12,140,0.85mm,0.0354,726.9,473.49
10.0,3e-05,0.1,1.0,1.0,0.12,140,1.3mm,0.0172,740.8,206.30
10.0,3e-05,0.1,1.0,1.0,0.12,140,3mm,0.0041,332.5,17.39
10.0,3e-05,0.1,1.0,1.0,0.12,140,10mm,0.0005,45.5,0.21
10.0,3e-05,0.1,10.0,1.0,0.12,140,0.85mm,0.0354,932.6,607.54
10.0,3e-05,0.1,10.0,1.0,0.12,140,1.3mm,0.0172,964.3,268.55
10.0,3e-05,0.1,10.0,1.0,0.12,140,3mm,0.0041,329.6,17.24
10.0,3e-05,0.1,10.0,1.0,0.12,140,10mm,0.0005,43.1,0.20
10.0,1e-04,0.01,1.0,1.0,0.12,140,0.85mm,0.0354,982.1,639.78
10.0,1e-04,0.01,1.0,1.0,0.12,140,1.3mm,0.0172,1030.1,286.88
10.0,1e-04,0.01,1.0,1.0,0.12,140,3mm,0.0041,1227.1,64.17
10.0,1e-04,0.01,1.0,1.0,0.12,140,10mm,0.0005,1174.2,5.53
10.0,1e-04,0.01,10.0,1.0,0.12,140,0.85mm,0.0354,1260.2,820.90
10.0,1e-04,0.01,10.0,1.0,0.12,140,1.3mm,0.0172,1444.3,402.23
10.0,1e-04,0.01,10.0,1.0,0.12,140,3mm,0.0041,1983.7,103.74
10.0,1e-04,0.01,10.0,1.0,0.12,140,10mm,0.0005,1264.5,5.95
10.0,1e-04,0.03,1.0,1.0,0.12,140,0.85mm,0.0354,982.1,639.78
10.0,1e-04,0.03,1.0,1.0,0.12,140,1.3mm,0.0172,1030.1,286.88
10.0,1e-04,0.03,1.0,1.0,0.12,140,3mm,0.0041,1227.1,64.17
10.0,1e-04,0.03,1.0,1.0,0.12,140,10mm,0.0005,474.1,2.23
10.0,1e-04,0.03,10.0,1.0,0.12,140,0.85mm,0.0354,1260.2,820.90
10.0,1e-04,0.03,10.0,1.0,0.12,140,1.3mm,0.0172,1444.3,402.23
10.0,1e-04,0.03,10.0,1.0,0.12,140,3mm,0.0041,1983.7,103.74
10.0,1e-04,0.03,10.0,1.0,0.12,140,10mm,0.0005,457.1,2.15
10.0,1e-04,0.1,1.0,1.0,0.12,140,0.85mm,0.0354,982.1,639.78
10.0,1e-04,0.1,1.0,1.0,0.12,140,1.3mm,0.0172,1030.1,286.88
10.0,1e-04,0.1,1.0,1.0,0.12,140,3mm,0.0041,914.1,47.80
10.0,1e-04,0.1,1.0,1.0,0.12,140,10mm,0.0005,150.4,0.71
10.0,1e-04,0.1,10.0,1.0,0.12,140,0.85mm,0.0354,1260.2,820.90
10.0,1e-04,0.1,10.0,1.0,0.12,140,1.3mm,0.0172,1444.3,402.23
10.0,1e-04,0.1,10.0,1.0,0.12,140,3mm,0.0041,971.6,50.81
10.0,1e-04,0.1,10.0,1.0,0.12,140,10mm,0.0005,139.7,0.66
